{
  "accuracy": 0.882847533632287,
  "macro_f1": 0.8511963767561316,
  "weighted_f1": 0.8833850879858953,
  "per_class": {
    "negative": {
      "precision": 0.8513513513513513,
      "recall": 0.8181818181818182,
      "f1": 0.8344370860927153,
      "support": 231
    },
    "neutral": {
      "precision": 0.7697228144989339,
      "recall": 0.8022222222222222,
      "f1": 0.7856365614798694,
      "support": 450
    },
    "positive": {
      "precision": 0.9377859103385179,
      "recall": 0.929283771532185,
      "f1": 0.9335154826958105,
      "support": 1103
    }
  }
}